job link,job title,company name,location,work type,jd,requirement,posted time
https://itviec.com/it-jobs/software-project-manager-manager-japanese-speaking-nec-vietnam-2457,Software Project Manager/ Manager (Japanese Speaking),NEC Vietnam,"Táº§ng 9 - Etown 3, 364 Cá»™ng HÃ²a, phÆ°á»ng 13, Tan Binh, Ho Chi Minh",Hybrid,"
Job description
As a Manager, you will manage opportunity analysis, pre-study, implementation, and upgrade projects of existing and new customers. This is a central role that will challenge you in complexity and efficiency. Your primary task will be to manage the projects throughout the whole cycle and ensure that the project lands within agreements, with a clear focus on quality.
Planning and leading implementation projects of varying size and complexity
Together with your project team have responsibility for delivery on time, budgets, and scope definition with high-quality
Accurate project reporting and tracking including risk and change management and financial control
Participation in standardization initiatives striving for optimization of our methodologies, tools, and processes
Ensuring good communication in the project both in relation to the internal project stakeholders and the external ones, such as the customerÂ´s project manager and the steering committee
Build & manage team members including training, development, career path, etc. of each member.

","
Your skills and experience

Bachelorâ€™s Degree in Computer Science/ Information Technology or equivalent major.
Minimum 5 years to over 10 years of working experience in managing a team of 15-50 members.
Proven experience in managing budgets, project estimation, quality management, resource management, and/or risk management.

Strong familiarity with project management software tools, methodologies (Waterfall, Scrum), and best practices.
Experience in implementing complex projects, especially for Japanese clients.
Good understanding of key concepts in software delivery.

Good communication in Japanese (JLPT N3+) and English conversation.
Can work/ negotiate directly with Japanese clients.
Strong team management with a high level of delivery.
Strong presentation and client relation skills.

",2024-08-23 16:25:30
https://itviec.com/it-jobs/project-leader-brse-japanese-speaking-nec-vietnam-2130,"Project Leader (BrSE, Japanese Speaking)",NEC Vietnam,"Táº§ng 9 - Etown 3, 364 Cá»™ng HÃ²a, phÆ°á»ng 13, Tan Binh, Ho Chi Minh",Hybrid,"
Job description

Provides supervision to the team of developers in Application/ Web Development
Software architect design management skill
Module version management skill
Focus on mentoring, coaching, coordination as well as providing technical leadership
Project estimations, Project Management (Schedule, Bugs, and Quality management)
Negotiation with customersÂ 
Manage the project to ensure that it is completed within the stipulated timeline while ensuring that work done meets the necessary requirements and quality
Motivating and developing the team
Other assignments from the Manager.Â 

","
Your skills and experience

Bachelorâ€™s Degree in IT or a relevant major
From 2 years of working experience in project management as a BrSE or Project Leader, Team Leader

Experience in the estimation, and implementation of complex project
Hands-on experience in technologies such as Java, .Net, VueJS, ReactJS, etc.

Solid in SQL/non-SQL databases such as MySQL, PostgreSQL, MongoDB, etc.Â 

Familiar with software development life cycle such as Waterfall, Agile methodology
Experience in making specifications such as design and test specifications
Willingness to troubleshoot and solve complex problems
Good at Japanese (JLPT N3+)
Leadership skills

",2024-08-23 16:22:39
https://itviec.com/it-jobs/technical-leader-reactjs-nextjs-flutter-nec-vietnam-1309,"Technical Leader (ReactJS, NextJS, Flutter)",NEC Vietnam,"Táº§ng 9 - Etown 3, 364 Cá»™ng HÃ²a, phÆ°á»ng 13, Tan Binh, Ho Chi Minh",Hybrid,"
Job description

Play a key role in leading and consulting the development team regarding the architecture and technology choices for the projects.
Lead, mentor and coach developers with best practices including coding standards, design patterns, unit tests, tests, and deployment.
Perform hands-on coding and code review for lower members' levels.
Understand the customer's requirements and business and utilize this knowledge to develop applications.
Stay up to date with the latest web development trends and technologies.
Willing to take business trips or work overseas.
Other assignments from the Manager.

","
Your skills and experience

Bachelorâ€™s Degree in Software Engineering, Information Technology or a relevant major.
At least 5+ years of experience in Frontend development including 2 years as a Technical Leader
Solid experience in Frontend development using these technologies such as React JS, Angular, NextJS, Flutter, etc.

Experience in building a system from scratch; Knowledge of cloud services such as AWS, Azure and GCP.

Strong experience in reviewing source code and managing a team of developers.
Experience in making specifications such as design and test specifications.
Familiar with software development life cycles such as Waterfall or Agile/Scrum methodologies.
Familiar with Japanese outsourcing/offshore processes.

English: TOEIC 600+, Japanese is a big plus
Willingness to troubleshoot and solve complex problems.
Flexibility to adapt to changing instructions and requirements.

",2024-08-23 16:15:48
https://itviec.com/it-jobs/data-scientist-data-analyst-machine-learning-deliveree-on-demand-logistics-0104,"Data Scientist (AI Engineer, ML Engineer)",Deliveree On-Demand Logistics,"431 HoÃ ng VÄƒn Thá»¥, PhÆ°á»ng 4, TÃ¢n BÃ¬nh, Há»“ ChÃ­ Minh, Vietnam, Tan Binh, Ho Chi Minh",At office,"
Job description
Are you looking to be more than just an ordinary Data Scientist? Do you have what it takes to see where you can improve the lives of others through a great and intelligent system to solve issues and improve life? Do you want your products to be used by millions of users in the world and know immediately how much they love your work?As a Data Scientist with us, you will utilize a variety of data mining and analysis techniques to generate insights and develop algorithms/models, aiding in product enhancement and informed decision-making across countries. Your ability to turn data into business results and work effectively with diverse teams is crucial. Your passion for machine learning and research will be key in driving better business outcomes.This role offers a challenging yet enriching experience in a fast-paced startup environment, revolutionizing the logistics industry with your expertise and passion for technology.Â Key Responsibilities:Â 
Develop and implement machine learning, deep learning, and LLM-based solutions to address complex logistic challenges.
Handle and analyze large datasets with a keen eye for detail.
Collaborate across various AI subfields, including tabular data, NLP, and MLOps.
Collaborate with cross-functional teams to understand business challenges and objectives, translating complex data into actionable insights.
Contribute to the development and infrastructure of AI projects.
Work on the entire AI project lifecycle, from problem definition to deployment and monitoring.
Proactively propose solutions, conduct independent research, and seek guidance when necessary.
Communicate complex ideas clearly and effectively, both verbally and in writing.Â 

","
Your skills and experience
Education: Bachelorâ€™s degree in any field, preferably with a combination of software engineering and statistical/mathematical skills.Experience: 2+ years of experience in a Data Scientist or similar role.Skills and Abilities:
Strong proficiency in machine learning, deep learning, and LLMs.
Familiarity with various AI subfields (tabular data, NLP, MLOps).
Comprehensive understanding of the AI project lifecycle. Detail-oriented with a natural intuition for data.
Self-driven and capable of independent work.Â 
Detail-oriented with a natural intuition for data.Â 
Strong analytical and data-driven mindset.
Basic knowledge of data warehouses, databases, ETL/ELT, and SQL.Â 
Excellent presentation and communication skills.
Personality Traits:
Genuine curiosity and enthusiasm for applying algorithms to solve problems.
Strong affinity for AI and a natural state of 'flow' when working with it.
High motivation and a growth mindset to overcome challenges.
Comfortable working in a dynamic and fast-paced professional environment.Â 

",2024-08-23 16:13:56
https://itviec.com/it-jobs/senior-data-engineer-one-mount-group-2546,Senior Data Engineer,One Mount Group,"Tower 2 (T26) Times City, 458 Minh Khai, Hai Ba Trung, Ha Noi",At office,"
Job description
Responsibilities
Lead, coach and mentor a team of Data Engineers to deliver on the data and information needs of our business
Work with the scrum master, PO and team lead, to understand the backlog and priorities that need to be delivered to support business needs
Apply your deep skills and experience in modern data modeling techniques, data platforms, its components and their purpose in the overall ecosystem and architecture

","
Your skills and experience
Technical Skills (4+ years experiences)
Experience running large scale data crawler/ web scraping
Experience with data parsing - knowledge of Regular expression, HTML, CSS, DOM, Javascript and XPATH
Strong programming skills in Python/Scala
Must have data modeling experience (Dimensional, 3NF or Data Vault) Â & Modern Data Warehouse and Lakehouse design
Experience and deep understanding of SQL and database systems
Dremio, Presto, Trino, Starburst query engines
MySQL, PostgreSQL, MSSQL, Oracleâ€¦


Develop, test and deploy data pipeline design, experience with ETL frameworks/tools, Airflow (or similar DAG), Spark using dbt
Experience developing on Delta Lake and/or Iceberg table formats
Work with different types of source systems sql/nosql/document-based, structured/semi-structured/unstructured, batch,near-realtime and real-time,...)
Experience with developing and deploying CI/CD pipelines
Software engineering skills, Git, IDEs
Non Technical Skills (4+ years experience)
Strong business acumen, having worked closely with business
Leading a team of 2+ junior data engineers. Â Coaching and mentoring them on their career progression, skills development both technical and soft skills
Experience working with teams to deliver data projects, taking ownership, responsibility and management of assigned scope
Good communication skills - verbal and written
Proactive problem solver, eye for detail, process driven
Nice to have:
Industry experience in Real Estate, Ecommerce, Logistics or experience with sales
Comprehend, speak, read, write fluently in both Vietnamese & Englis



",2024-08-23 16:01:05
https://itviec.com/it-jobs/data-engineer-etl-data-pipeline-dba-python-abbank-3416,"Data Engineer (ETL, Data Pipeline, DBA, Python)",ABBANK,"36 HoÃ ng Cáº§u, Dong Da, Ha Noi",At office,"
Job description

Thiáº¿t káº¿ kiáº¿n trÃºc, thá»±c hiá»‡n triá»ƒn khai vÃ  quáº£n lÃ½ chu trÃ¬nh vÃ²ng Ä‘á»i cá»§a mÃ´ hÃ¬nh há»c mÃ¡y, bao gá»“m láº­p káº¿ hoáº¡ch, xÃ¢y dá»±ng, kiá»ƒm thá»­, triá»ƒn khai, vÃ  theo dÃµi hiá»‡u suáº¥t
Cáº£i tiáº¿n vÃ  tá»‘i Æ°u hÃ³a quy trÃ¬nh triá»ƒn khai vÃ  váº­n hÃ nh mÃ´ hÃ¬nh, bao gá»“m tá»± Ä‘á»™ng hÃ³a cÃ¡c quy trÃ¬nh vÃ  giáº£m thá»i gian triá»ƒn khai mÃ´ hÃ¬nh
Phá»‘i há»£p cháº·t cháº½ vá»›i cÃ¡c nhÃ³m phÃ¢n tÃ­ch dá»¯ liá»‡u, chá»§ quáº£n sáº£n pháº©m, cÃ´ng nghá»‡ Ä‘á»ƒ Ä‘áº£m báº£o ráº±ng cÃ¡c giáº£i phÃ¡p há»c mÃ¡y Ä‘Æ°á»£c tÃ­ch há»£p hiá»‡u quáº£ vÃ o sáº£n pháº©m vÃ  dá»‹ch vá»¥
Thiáº¿t láº­p há»‡ thá»‘ng giÃ¡m sÃ¡t hoáº¡t Ä‘á»™ng cá»§a mÃ´ hÃ¬nh sau khi triá»ƒn khai. Thá»±c hiá»‡n báº£o trÃ¬ Ä‘á»‹nh ká»³ Ä‘á»ƒ Ä‘áº£m báº£o tÃ­nh chÃ­nh xÃ¡c, á»•n Ä‘á»‹nh vÃ  hiá»‡u suáº¥t cá»§a cÃ¡c mÃ´ hÃ¬nh Ä‘Ã£ triá»ƒn khai
Äáº£m báº£o ráº±ng táº¥t cáº£ cÃ¡c hoáº¡t Ä‘á»™ng vÃ  quy trÃ¬nh tuÃ¢n thá»§ cÃ¡c chÃ­nh sÃ¡ch an toÃ n thÃ´ng tin vÃ  quy Ä‘á»‹nh vá» dá»¯ liá»‡u
Tham gia thiáº¿t káº¿, triá»ƒn khai vÃ  tá»‘i Æ°u hÃ³a cÃ¡c giáº£i phÃ¡p quáº£n trá»‹ vÃ  tÃ­ch há»£p dá»¯ liá»‡u trÃªn ná»n táº£ng Ä‘Ã¡m mÃ¢y (vÃ­ dá»¥: AWS, Azure, GCP) hoáº·c on-prem Ä‘á»ƒ thu tháº­p, lÆ°u trá»¯, xá»­ lÃ½ vÃ  phÃ¢n tÃ­ch dá»¯ liá»‡u
NghiÃªn cá»©u, Ä‘Ã¡nh giÃ¡, triá»ƒn khai cÃ¡c cÃ´ng nghá»‡ má»›i trong lÄ©nh vá»±c quáº£n trá»‹, tÃ­ch há»£p vÃ  xá»­ lÃ½ dá»¯ liá»‡u, nháº±m nÃ¢ng cao hiá»‡u suáº¥t, an ninh thÃ´ng tin kháº£ nÄƒng má»Ÿ rá»™ng cá»§a há»‡ thá»‘ng.
Tham gia cÃ¡c dá»± Ã¡n cÃ´ng nghá»‡ theo phÃ¢n cÃ´ng.
Tham gia xá»­ lÃ½ rá»§i ro cÃ´ng nghá»‡ theo phÃ¢n cÃ´ng.

","
Your skills and experience


Báº±ng cáº¥p: Äáº¡i há»c chuyÃªn ngÃ nh CÃ´ng nghá»‡ thÃ´ng tin/ToÃ¡n tin/Khoa há»c mÃ¡y tÃ­nh/Äiá»‡n tá»­ viá»…n thÃ´ng hoáº·c cÃ¡c lÄ©nh vá»±c liÃªn quan
Chá»©ng chá»‰ Ä‘Ã o táº¡o cá»§a cÃ¡c giáº£i phÃ¡p/cÃ´ng cá»¥ liÃªn quan Ä‘áº¿n ETL/BI/Data platforms/Data streaming/Äiá»‡n toÃ¡n Ä‘Ã¡m mÃ¢y.

Kinh nghiá»‡m: tá»‘i thiá»ƒu 10 nÄƒm kinh nghiá»‡m trong lÄ©nh vá»±c cÃ´ng nghá»‡ pháº§n má»m, phÃ¢n tÃ­ch dá»¯ liá»‡u, khoa há»c dá»¯ liá»‡u
CÃ³ kinh nghiá»‡m thiáº¿t káº¿ vÃ  triá»ƒn khai cÃ¡c tiáº¿n trÃ¬nh ETL/ELT, hiá»ƒu biáº¿t sÃ¢u vá» Ã­t nháº¥t 1 ná»n táº£ng ETL platforms (vÃ­ dá»¥ Oracle ODI, SAP BODS, Apache Airflow, Informatica, IBM,...).
ThÃ nh tháº¡o má»™t trong cÃ¡c ngÃ´n ngá»¯ láº­p trÃ¬nh Python, Java hoáº·c Scala, vá»›i kiáº¿n thá»©c vá»¯ng vá» SQL vÃ  há»‡ thá»‘ng cÆ¡ sá»Ÿ dá»¯ liá»‡u ( PostgreSQL, MySQL, Oracle).
Hiá»ƒu biáº¿t vÃ  cÃ³ kinh nghiá»‡m triá»ƒn khai Data warehouse/Data Lake, hiá»ƒu biáº¿t vá» giáº£i phÃ¡p cá»§a cÃ¡c hÃ£ng: Oracle, SAP, Teradata, IBM, ...
CÃ³ kinh nghiá»‡m thá»±c táº¿ triá»ƒn khai má»™t trong cÃ¡c giáº£i phÃ¡p lakehouse/data platforms (vÃ­ dá»¥: Cloudera, DataBricks, Hortonwork...).
CÃ³ kinh nghiá»‡m tÃ­ch há»£p dá»¯ liá»‡u, phÃ¡t triá»ƒn ETL, data pipeline báº±ng cÃ¡c cÃ´ng cá»¥ trÃªn ná»n táº£ng Cloud (GCP, EWS hoáº·c Azure)
Hiá»ƒu biáº¿t vá» kiáº¿n trÃºc dá»¯ liá»‡u (vÃ­ dá»¥: OLAP, Data Warehousing, Data Lake, and/or Data Mesh)
Hiá»ƒu biáº¿t, cÃ³ kinh nghiá»‡m thiáº¿t káº¿ vÃ  xÃ¢y dá»±ng cÃ¡c giáº£i phÃ¡p xá»­ lÃ½ dá»¯ liá»‡u theo luá»“ng (vÃ­ dá»¥ thá»±c hiá»‡n vá»›i cÃ¡c cÃ´ng cá»¥ Apache Storm, Kafka, Spark Streaming...).
CÃ³ kinh nghiá»‡m vá» triá»ƒn khai giáº£i phÃ¡p quáº£n trá»‹ cháº¥t lÆ°á»£ng dá»¯ liá»‡u, bao gá»“m cáº£ nhá»¯ng mÃ´i trÆ°á»ng phÃ¢n tÃ¡n.
CÃ³ kinh nghiá»‡m phÃ¡t triá»ƒn cÃ´ng cá»¥ BI phá»¥c vá»¥ yÃªu cáº§u nghiá»‡p vá»¥ lÃ  Ä‘iá»ƒm cá»™ng.
Hiá»ƒu biáº¿t vá» kiáº¿n trÃºc object storage.
CÃ³ kinh nghiá»‡m tÆ° váº¥n ká»¹ thuáº­t, Ä‘Ã o táº¡o, dáº«n dáº¯t thay Ä‘á»•i
Láº­p káº¿ hoáº¡ch vÃ  quáº£n lÃ½ thá»i gian hiá»‡u quáº£
Ká»¹ nÄƒng giáº£i quyáº¿t váº¥n Ä‘á» tá»‘t
Giao tiáº¿p tá»‘t báº±ng tiáº¿ng Anh

",2024-08-23 16:00:14
https://itviec.com/it-jobs/senior-manager-quality-management-japanese-n2-nec-vietnam-5134,"Senior Manager, Quality Management (Japanese N2+)",NEC Vietnam,"Táº§ng 9 - Etown 3, 364 Cá»™ng HÃ²a, phÆ°á»ng 13, Tan Binh, Ho Chi Minh",Hybrid,"
Job description
NECVN performs the Japanese quality IT development based on ISO9001 certification. As a Senior Manager of the QM (quality management) team, you will be responsible for ensuring and developing the Quality strategies, policies, processes, standards and systems for NEC Vietnam.Â 
Plan examination, supervision, and ensure the project complies with established processes and regulations; ensure quality and minimize risks in software development projects according to ISO9001.
Participate in improving project processes and quality, and also at organizational level.
Manage project process compliance, issue risk/issue warnings, and analyze causes/take preventive and corrective actions with the project.
Design and provide training guidance, tools, methodologies by developing training schedules to train all employees. Maintain QMS training and training evaluation records.
Conduct internal systems audits and process audits. Implement corrective actions for audit non-conformance findings.
Hold periodical audit performance meetings with all cross-functional stakeholders.
Prepare audit reports by collecting, analyzing, and summarizing audit findings data.
Build, maintain and continuously improve the project quality and progress control system.
Guidance on quality control activities to the Project Manager/Manager.
Japanese, English interpretation and translation.

","
Your skills and experience

University or higher degree in IT, Computer Mathematics or a relevant major.
Minimum 10 yearsâ€™ experience majority in quality management including 3 years as a Senior Manager/Manager in software development for the Japanese market.
Experience in defining strategies for controlling & improving quality assurance.
Experience in identifying, analyzing, and managing risks on large, complex projects.
Experience in writing specifications such as design and test specifications is required.
Strong knowledge of ISO 9001, ISO 27001, CMMI and other ISO frameworks.
In-depth knowledge of the PMP and certifications is preferred.
Proficiency in Japanese (JLPT N2+)
Strong leadership and interpersonal skills, motivating members.

",2024-08-23 15:53:23
https://itviec.com/it-jobs/qa-engineer-manual-seven-system-vietnam-2032,QA Engineer (Manual),Seven System Vietnam,"Cobi Tower II, No. 2-4, Street No. 8, Tan Phu Ward, District 7, Ho Chi Minh",At office,"
Job description
Letâ€™s become our Junior/Mid QA Engineer, and you will
Develop different technology projects of 7-Eleven VN;
Work closely with product managers and business stakeholders, analyze the requirements and feedback to improve the requirement itself;
Participate in all stages of agile product development life cycle with Scrum.
Â We expect you to
Design, implement and update test cases for the 7-Eleven Viet Nam Retail System. E.g: the Store Computer, 7-Eleven app;
Responsible for writing a test plan, performing tests to ensure the quality of each release;
Investigate, troubleshoot, and document test failures of communication to the development team;
Managing the cycle of arising and ending of defects/bugs;
Prepare reports to communicate the outcomes of quality activities;
Join the process of writing user guide/user support and every time develop a new function;
Responsible for providing support, finding the root cause in case the end-user faces system errors.

","
Your skills and experience

1-3 years of experience in testing;
Strong skills in manual testing for Web/Mobile/API;
Experience in developing test cases, executing tests and reporting test results;
Experience in working with database, and SQL queries;
Experience in performance, security testing;
Skills in problem solving, judgment, critical thinking and decision making;
Execute and manage resources for testing activities in different agile teams;
Review requirements and technical documents to provide timeline feedback;
Good communication skills and an eager-to-learn mindset.

",2024-08-23 15:35:32
https://itviec.com/it-jobs/r-d-c-c-software-engineer-lg-electronics-development-vietnam-lgedv-5721,R&D C/C++ Software Engineer,LG Electronics Development Vietnam (LGEDV),"Táº§ng 32 & 34, tÃ²a nhÃ  Keangnam Landmark 72, Ä‘Æ°á»ng Pháº¡m HÃ¹ng, Nam Tu Liem, Ha Noi",At office,"
Job description
Following research centers in Korea, USA, Russia, India, etc. LG CTO Vietnam Software Lab (LG CTO VSL) officially operated in Vietnam from July 2022 with the mission of developing next generations of technology and incubating new LG business in the future. You will have the opportunity to work, share and learn with talented engineers at CTO centers in countries around the world and launch strategic-oriented technology products of LG Corporation.Â Currently, LG CTO VSL focuses on webOS development for smart TVs and signages. With webOS present in more than 129 million smart TV products in homes around the world, LGE is revolutionizing the living room with the new experience beyond TV.Â As a member of webOS Team in LG CTO VSL, your roles & responsibilities will be as follows:- Develop new features for webOS operating system ( components such as Connectivity, Web Engine, Display (LSM), etc.- Senior level engineers are required to perform code reviews of fellow or junior team members.- Collaborate with Scrum team members, PO and other headquarter stakeholders to delivery products according to schedule
","
Your skills and experience
- Bachelor or higher degree in computer science or relevant fields;- 2+ years of working experience with C/C++ and OOP;- Ability to explain technical issues simply in English with the collaborating scrum teams.Â Nice to have if you have one of the following experiences:- Using and implementing Design Patterns (Strategy, Observer, Command, etc.);- Multithreading and multiprocessing programming;- System or application performance enhancement and memory optimization;- Contribution to open-source projects (Chromium, Wayland, etc.).- Embedded Linux Developers on the Yocto Build System- GLib experience, especially functions related to g_main_loop.- Gerrit & GitHub experience (comfortable using code review and source code repository management)Â 
",2024-08-23 15:35:41
https://itviec.com/it-jobs/technical-architect-vng-corporation-4637,Technical Architect,VNG Corporation,"VNG Campus, TÃ¢n Thuáº­n ÄÃ´ng, District 7, Ho Chi Minh",At office,"
Job description
To ensure compliance with Vietnam's Personal Data Privacy Policy, candidates should submit their applications through VNG's official career site:Â 
ï»¿Create software/application specifications and design documents base on architectural blueprints designed by Solution architectÂ 
Collaborate with development teams to determine functional and non-functional requirements for new software or applications
Provide the development team with architectural blueprints to follow
Guide and assist the development team throughout the process
Troubleshoot and resolve issues with coding or design
Oversee and supervise progress of development team to ensure consistency with initial design
Ensure software meets all requirements of quality, availability, performance, security, etc
Ensure you and the team adhere to development schedules and deadlines
Update software solutions as required

","
Your skills and experience

ï»¿At least 8 years of experience with software development
At least 3 years of experience as a Technical Architect or Technical Leader (design system, make technology decision)
At least 5 years of experience with .Net or Java
At least 5 years of experience with coding in various RDBMS, NoSQL (MySQL, SQL, MongoDB, Cassandra)
Good knowledge of software and service design (SOA, micro services, messaging, twelve-factor methodology)
Good knowledge of concurrent processing, distributed coordination and synchronization
Good knowledge of Cloud
Good attention to detail, optimize performance
Good interpersonal and communication skills
Good English speaking and listening
Critical thinker and problem-solving skills

",2024-08-23 15:35:50
https://itviec.com/it-jobs/chuyen-vien-cao-cap-phan-tich-nghiep-vu-ba-it-ngan-hang-tmcp-thinh-vuong-va-phat-trien-pgbank-2732,ChuyÃªn viÃªn cao cáº¥p phÃ¢n tÃ­ch nghiá»‡p vá»¥ - IT BA,NgÃ¢n hÃ ng TMCP Thá»‹nh vÆ°á»£ng vÃ  PhÃ¡t triá»ƒn (PGBank),"229 TÃ¢y SÆ¡n, Dong Da, Ha Noi",At office,"
Job description
PhÃ¡t triá»ƒn á»©ng dá»¥ng:
Tiáº¿p nháº­n cÃ¡c yÃªu cáº§u phÃ¡t triá»ƒn, cáº£i tiáº¿n sáº£n pháº©m, quy trÃ¬nh, tÃ­nh nÄƒng tá»« cÃ¡c Ä‘Æ¡n vá»‹ nghiá»‡p vá»¥. PhÃ¢n tÃ­ch vÃ  tÆ° váº¥n cho cÃ¡c Ä‘Æ¡n vá»‹ nghiá»‡p vá»¥ phÆ°Æ¡ng Ã¡n hiá»‡u quáº£ Ä‘á»ƒ thá»±c hiá»‡n yÃªu cáº§u.
Trao Ä‘á»•i vá»›i bá»™ pháº­n phÃ¡t triá»ƒn Ä‘á»ƒ thiáº¿t káº¿ giáº£i phÃ¡p cho cÃ¡c yÃªu cáº§u. Phá»‘i há»£p cÃ¹ng Ä‘á»™i phÃ¡t triá»ƒn xÃ¢y dá»±ng Ä‘áº·c táº£ vá» yÃªu cáº§u, Ä‘áº£m báº£o yÃªu cáº§u phÃ¡t triá»ƒn rÃµ rÃ ng, kháº£ thi.
Tham gia phá»‘i há»£p vá»›i Ä‘Æ¡n vá»‹ nghiá»‡p vá»¥ kiá»ƒm tra káº¿t quáº£ phÃ¡t triá»ƒn, Ä‘áº£m báº£o á»©ng dá»¥ng Ä‘Ã¡p á»©ng yÃªu cáº§u Ä‘Ã£ thá»‘ng nháº¥t vá»›i Ä‘Æ¡n vá»‹ nghiá»‡p vá»¥.
Phá»‘i há»£p cÃ¹ng Ä‘á»™i phÃ¡t triá»ƒn xÃ¢y dá»±ng káº¿ hoáº¡ch chi tiáº¿t Ä‘á»ƒ triá»ƒn khai dá»± Ã¡n, há»— trá»£ theo dÃµi, cáº­p nháº­t tiáº¿n Ä‘á»™ dá»± Ã¡n
Soáº¡n tháº£o vÃ  ban hÃ nh tÃ i liá»‡u hÆ°á»›ng dáº«n sá»­ dá»¥ng sáº£n pháº©m cÃ´ng nghá»‡ cho ngÆ°á»i dÃ¹ng cuá»‘i.
Tham gia Ä‘Ã o táº¡o trá»±c tiáº¿p vá» sáº£n pháº©m, tÃ­nh nÄƒng cÃ´ng nghá»‡ cho bá»™ pháº­n há»— trá»£ IT vÃ  cÃ¡n bá»™ nghiá»‡p vá»¥ náº¿u cáº§n thiáº¿t.
XÃ¢y dá»±ng, cáº£i tiáº¿n cÃ¡c máº«u tÃ i liá»‡u phá»¥c vá»¥ phÃ¢n tÃ­ch, kiá»ƒm thá»­, quy trÃ¬nh phÃ¡t triá»ƒn á»©ng dá»¥ng.
Tham gia giÃ¡m sÃ¡t quÃ¡ trÃ¬nh kiá»ƒm thá»­ nháº±m Ä‘áº£m báº£o cháº¥t lÆ°á»£ng cá»§a há»‡ thá»‘ng Ä‘Ã¡p á»©ng Ä‘Ãºng vÃ  Ä‘á»§ yÃªu cáº§u Ä‘Ã£ Ä‘áº·t ra.
2. TrÃ¡ch nhiá»‡m trong há»— trá»£ ngÆ°á»i dÃ¹ng:Há»— trá»£ má»©c L2, L3 vá»›i cÃ¡c yÃªu cáº§u Ä‘Æ°á»£c phÃ¢n cÃ´ng..3. CÃ¡c trÃ¡ch nhiá»‡m khÃ¡c
Thá»±c hiá»‡n cÃ¡c cÃ´ng viá»‡c khÃ¡c theo yÃªu cáº§u cá»§a cÃ¡c cáº¥p quáº£n lÃ½.
Há»— trá»£ bÃ¡o cÃ¡o tiáº¿n Ä‘á»™ dá»± Ã¡n, cÃ¡c váº¥n Ä‘á» phÃ¡t sinh cho cÃ¡c cáº¥p quáº£n lÃ½.

","
Your skills and experience
YÃªu cáº§u:Â 
Tá»‘t nghiá»‡p Tá»‘t nghiá»‡p Äáº¡i há»c, chuyÃªn ngÃ nh Ä‘Ã o táº¡o: CÃ´ng nghá»‡ thÃ´ng tin, ToÃ¡n tin, Äiá»‡n tá»­ Viá»…n thÃ´ng, TÃ i chÃ­nh, NgÃ¢n hÃ ng, Ngoáº¡i thÆ°Æ¡ng.
CÃ³ Ã­t nháº¥t 03 nÄƒm kinh nghiá»‡m trong cÃ´ng tÃ¡c phÃ¢n tÃ­ch nghiá»‡p vá»¥ táº¡i cÃ¡c NgÃ¢n hÃ ng, Tá»• chá»©c TÃ i chÃ­nh, Táº­pÂ Ä‘oÃ n & CÃ´ng ty vá» CNTT hoáº·c cÃ³ tá»‘i thiá»ƒu 2 nÄƒm triá»ƒn khai há»‡ thá»‘ng, giáº£i phÃ¡p há»‡ thá»‘ng ngÃ¢n hÃ ng
CÃ³ kiáº¿n thá»©c tá»•ng quan vá» ngÃ¢n hÃ ng vÃ  am hiá»ƒu Ã­t nháº¥t 1 trong cÃ¡c nghiá»‡p vá»¥, quy trÃ¬nh váº­n hÃ nh cá»§a NgÃ¢n hÃ ng nhÆ°: Â cho vay vÃ  tÃ i trá»£ thÆ°Æ¡ng máº¡i, luá»“ng váº­n hÃ nh sáº£n pháº©m nguá»“n vá»‘n bao gá»“m sáº£n pháº©m ngoáº¡i há»‘i, sáº£n pháº©m phÃ¡i sinh vÃ  sáº£n pháº©m thá»‹ trÆ°á»ng liÃªn ngÃ¢n hÃ ng, luá»“ng nghiá»‡p vá»¥ váº­n hÃ nh giao dá»‹ch tháº», sáº£n pháº©m thanh toÃ¡n trÃªn Ä‘a kÃªnh nhÆ° CITAD, NAPAS, VCB, chuyá»ƒn tiá»n quá»‘c táº¿ â€¦
Tham gia phá»‘i há»£p vá»›i Ä‘Æ¡n vá»‹ nghiá»‡p vá»¥ kiá»ƒm tra káº¿t quáº£ phÃ¡t triá»ƒn, Ä‘áº£m báº£o á»©ng dá»¥ng Ä‘Ã¡p á»©ng yÃªu cáº§u Ä‘Ã£ thá»‘ng nháº¥t vá»›i Ä‘Æ¡n vá»‹ nghiá»‡p vá»¥
Váº­n dá»¥ng thÃ nh tháº¡o cÃ¡c ká»¹ thuáº­t thu tháº­p yÃªu cáº§u ngÆ°á»i dÃ¹ng, phÃ¢n tÃ­ch yÃªu cáº§u, sá»‘ liá»‡u, tÃ i liá»‡u, Ä‘Æ°a ra cÃ¡c Ä‘iá»ƒm máº¡nh/ yáº¿u cá»§a cÃ¡c giáº£i phÃ¡p vÃ  tÆ° váº¥n lá»±a chá»n giáº£i phÃ¡p tá»‘i Æ°u nháº¥t.
Kháº£ nÄƒng viáº¿t tÃ i liá»‡u diá»…n giáº£i vá»›i cÃ¡c yÃªu cáº§u khÃ³ vÃ  phá»©c táº¡p, trá»±c tiáº¿p tham gia vÃ o cÃ¡c dá»± Ã¡n lá»›n.
Sá»­ dá»¥ng thÃ nh tháº¡o má»™t trong cÃ¡c cÃ´ng cá»¥ mÃ´ hÃ¬nh hÃ³a (visio, visual paradigm â€¦) Ä‘á»ƒ truyá»n táº£i yÃªu cáº§u thÃ nh cÃ¡c mÃ´ hÃ¬nh phÃ¢n tÃ­ch: mÃ´ hÃ¬nh BPM, Activity diagram, Use case
YÃªu thÃ­ch, tÃ¢m huyáº¿t, nhiá»‡t huyáº¿t vá»›i sá»± Ä‘á»•i má»›i sÃ¡ng táº¡o, sáºµn sÃ ng thay Ä‘á»•i tÆ° duy, tá»‘i Æ°u hÃ³a quy trÃ¬nh xá»­ lÃ½ nghiá»‡p vá»¥ cá»§a ngÃ¢n hÃ ng. CÃ³ tinh tháº§n quyáº¿t liá»‡t khi tham gia dá»± Ã¡n Ä‘á»ƒ Ä‘áº£m báº£o dá»± Ã¡n tham gia hoÃ n thÃ nh Ä‘Ãºng háº¡n vÃ  cháº¥t lÆ°á»£ng.
Khi phá»ng váº¥n, á»©ng viÃªn sáº½ Ä‘Æ°á»£c há»i vá» kinh nghiá»‡m thá»±c táº¿ khi triá»ƒn khai dá»± Ã¡n nhÆ°: mÃ´ táº£ láº¡i Ä‘Æ°á»£c quy trÃ¬nh nghiá»‡p vá»¥ cá»¥ thá»ƒ dÆ°á»›i dáº¡ng cÃ¡c sÆ¡ Ä‘á»“, hiá»ƒu Ä‘Æ°á»£c cÃ¡ch dÃ¹ng control Ä‘iá»u khiá»ƒn trÃªn giao diá»‡n cho tá»«ng loáº¡i dá»¯ liá»‡u, cÃ¡ch tá»• chá»©c dá»¯ liá»‡u dÆ°á»›i database, kinh nghiá»‡m vá» sáº£n pháº©m Ä‘Ã£ triá»ƒn khai.
2. Æ¯u tiÃªn:
CÃ³ chá»©ng chá»‰ phÃ¢n tÃ­ch nghiá»‡p vá»¥, kiá»ƒm thá»­ nhÆ°: ISTBQ, PMI-PBA, CCBA, CBAP.
ÄÃ£ tá»«ng lÃ m viá»‡c vá»›i cÃ¡c há»‡ thá»‘ng Core banking,Â Way4 â€¦ lÃ  má»™t lá»£i tháº¿
Am hiá»ƒu vá» cÃ¡c quy trÃ¬nh, nghiá»‡p vá»¥ ngÃ¢n hÃ ng vÃ  cÃ³ kinh nghiá»‡m trong Ä‘á» xuáº¥t á»©ng dá»¥ng CNTT vÃ o nghiá»‡p vá»¥. Æ¯u tiÃªn á»©ng viÃªn Ä‘Ã£ triá»ƒn khai cÃ¡c giáº£i phÃ¡p á»©ng dá»¥ng pháº§n má»m cho ngÃ¢n hÃ ng

",2024-08-23 15:35:58
https://itviec.com/it-jobs/sr-full-stack-dev-c-net-core-reactjs-typescript-webmd-health-services-2416,"Sr. Full-stack Dev (C# .NET Core, ReactJS, Typescript)",WebMD Health Services,"Vincom Center B, 72 Le Thanh Ton street (Floor 18),, District 1, Ho Chi Minh",At office,"
Job description
WebMD Health Services is part of the WebMD family.Â  We have been designing well-being programs for employers and health plans for over 20 years.Â  Our mission is to empower organizations and their populations to improve well-being through personalized, strategic partnerships.Â Overview:WebMD Health Services is seeking an enthusiastic Software Developer to join one of our agile teams. We endeavor to produce engaging software that motivates millions of people, helping them with their health challenges and habits. Our products incorporate behavioral and medical sciences to deliver an enjoyable experience on mobile and desktop platforms. Numerous health plans and corporations provide these products to their members and employees, advertising-free, to help them improve their health and wellbeing. You will bring joy for the art of programming, a desire to create an elegant and modern user experience, a yearning to always improve your craft, and a passion to help those around you excel at delivering innovative products and experiences together.Â This key role will work with the team to:
Develop compelling and engaging user interfaces for all types of users.
Write, review, and improve software so that it delivers a flawless, reliable, and enjoyable user experience.
Collaborate with team members in many locations to bring out the best that the team has to offer.
Provide your unique perspective during the architectural, design, and development phases to help us realize collective brilliance.
Practice a learning mindset, soliciting and leveraging feedback to grow and thrive while helping to improve processes, practices, and our use of industry leading technologies.
Work closely with a diverse team that includes software developers, product managers, UX/UI designers, and manual and automated quality assurance engineers.

","
Your skills and experience
Your Skills & Experience:Â 
Equivalent experience to a BA/BS degree in Computer Science, Computer Engineering, Human Computer Design Engineering, User Experience, or relevant field.Â 
Have at least 5+ years experience as a Full Stack Developer and strong experience with C#.NET, 2+ years of experience writing software that is user-facing. We use C#.Net for the back-end. Experience with the .NET Framework and .NET Core Framework with ASP NET MVC or ASP NET Web API.Â 
Experience developing web applications.Â 
Have strong experience with front-end technologies (ReactJS, AngularJS). We use React, Node.js, and Typescript. Ideally, you have experience with these or comparable technologies. (e.g. Angular, Vue.js and their associated technology stacks)Â 
Experience with Typescript, ESLint, Jest, Storybook, and various other JavaScript build and test libraries.Â 
Excellent in troubleshooting skills, have strong analytical and problem-solving skills to rapidly develop sound and maintainable solutions.Â 
Excellent in communication (proficiency in English), and collaboration skills.Â 
Are a team player, who is willing to disseminate knowledge to other team membersÂ 

Are a passionate individual who is not afraid to ask questions and eager to learn.Â 

Familiar with Agile software development principles and practices. We use a combination of SCRUM and Kanban practices.Â 
Familiar with Accessibility standardsÂ 
Familiarity with databases (e.g.SQL Server, MongoDB), web servers (e.g.IIS) and UI/UX designÂ 

",2024-08-23 14:36:07
https://itviec.com/it-jobs/remote-mobile-game-developer-3d-ateam-viet-nam-0035,[Remote] Mobile Game Developer (3D),Ateam Viá»‡t Nam,"PhÃ²ng 3-139, Táº§ng 3, Khu vÄƒn phÃ²ng We Work, tÃ²a nhÃ  Lim tower 3, sá»‘ 29A Nguyá»…n ÄÃ¬nh Chiá»ƒu, PhÆ°á»ng Äakao, District 1, Ho Chi Minh",At office,"
Job description
MÃ´ táº£ cÃ´ng viá»‡c:Vá»›i mong muá»‘n cÃ¹ng tÃ´n chá»‰ cá»§a Ateam lÃ  mang Ä‘áº¿n nhá»¯ng sáº£n pháº©m á»•n Ä‘á»‹nh vÃ  tráº£i nghiá»‡m thÃ¢n thiá»‡n cho ngÆ°á»i dÃ¹ng, chÃºng tÃ´i tÃ¬m kiáº¿m Ä‘á»“ng nghiá»‡p cho vá»‹ trÃ­ Mobile Game DeveloperVai trÃ² vÃ  trÃ¡ch nhiá»‡m:
PhÃ¡t triá»ƒn má»›i, Ä‘á»“ng thá»i báº£o trÃ¬ vÃ  váº­n hÃ nh cÃ¡c tÃ­nh nÄƒng Game trÃªn Ä‘a ná»n táº£ng (Android, iOS ...).
Äáº£m báº£o cháº¥t lÆ°á»£ng mÃ£ nguá»“n theo tiÃªu chuáº©n cá»§a cÃ´ng ty.
KhÃ´ng ngá»«ng cáº­p nháº­t kiáº¿n thá»©c, cÃ´ng nghá»‡ má»›i Ä‘á»ƒ Ä‘Ã¡p á»©ng nhu cáº§u cÃ´ng viá»‡c.

","
Your skills and experience
YÃªu cáº§u cÃ´ng viá»‡cYÃªu cáº§u chung:
á»¨ng viÃªn sinh sá»‘ng á»Ÿ Tp. HCM hoáº·c nÆ¡i gáº§n Tp. HCM Ä‘á»ƒ cÃ³ thá»ƒ thuáº­n tiá»‡n Ä‘i Ä‘áº¿n cÃ´ng ty trong trÆ°á»ng há»£p cáº§n thiáº¿t
TÃ­nh cÃ¡ch thÃ¢n thiá»‡n, cÃ³ kháº£ nÄƒng lÃ m viá»‡c nhÃ³m
Trong cÃ´ng viá»‡c khÃ´ng yÃªu cáº§u sá»­ dá»¥ng ngoáº¡i ngá»¯, nhÆ°ng cáº§n gá»­i CV tiáº¿ng Anh.
** Senior/Junior (ChÆ°a open cho Fresher):
CÃ³ Ã­t nháº¥t 3 nÄƒm kinh nghiá»‡m lÃ m Game Developer

CÃ³ kinh nghiá»‡m táº¡o á»©ng dá»¥ng 3D (cÃ³ kinh nghiá»‡m vá» unity lÃ  lá»£i tháº¿).
CÃ³ kinh nghiá»‡m trong lÄ©nh vá»±c phÃ¡t triá»ƒn Game.
CÃ³ tÆ° duy láº­p trÃ¬nh vÃ  tÆ° duy há»‡ thá»‘ng tá»‘t.
CÃ³ kiáº¿n thá»©c tá»‘t vá» thuáº­t toÃ¡n, cáº¥u trÃºc dá»¯ liá»‡u vÃ  láº­p trÃ¬nh hÆ°á»›ng Ä‘á»‘i tÆ°á»£ng.â€‹
Â ** Æ¯u tiÃªn:
CÃ³ sáº£n pháº©m Ä‘Ã£ Release hoáº·c Demo.
CÃ³ kiáº¿n thá»©c toÃ¡n há»c á»©ng dá»¥ng cho game 2D vÃ  3D.
Sá»­ dá»¥ng tá»‘t cÃ¡c Design Pattern.
CÃ³ kinh nghiá»‡m tham gia cÃ¡c dá»± Ã¡n Client/Server, cÃ¡c dá»± Ã¡n Game Multiplayer.
CÃ³ kinh nghiá»‡m lÃ m viá»‡c vá»›i Native App: Android hoáº·c iOS.
CÃ³ hiá»ƒu biáº¿t vá» láº­p trÃ¬nh Ä‘á»“ há»a (Render Pipeline, Shader ...).
***LÆ°u Ã½: Äá»ƒ Ä‘Ã¡p á»©ng Ä‘Æ°á»£c cÃ´ng viá»‡c hiá»‡n táº¡i, chÃºng tÃ´i hy vá»ng tÃ¬m Ä‘Æ°á»£c á»©ng viÃªn Ä‘Ã¡p á»©ng Ä‘Æ°á»£c cÃ¡c yÃªu cáº§u tuyá»ƒn dá»¥ng trÃªn.
",2024-08-23 14:36:16
https://itviec.com/it-jobs/5-senior-java-developer-spring-sql-goline-corporation-5107,"5 Senior Java Developer (Spring, SQL )",Goline Corporation,"Táº§ng 8, tÃ²a nhÃ  Kim Ãnh, 78 Duy TÃ¢n, Cau Giay, Ha Noi",At office,"
Job description

Láº­p trÃ¬nh há»‡ thá»‘ng cÃ¡c á»©ng dá»¥ng trÃªn ná»n Java Core, Java Spring Boot vÃ  cÃ¡c há»‡ thá»‘ng Middleware trÃªn ná»n táº£ng java: Há»‡ thá»‘ng giao dá»‹ch chá»©ng khoÃ¡n, Robot trading, chiáº¿n thuáº­t trading, há»‡ thá»‘ng khá»›p lá»‡nh, dá»¯ liá»‡u thá»‹ trÆ°á»ng, phÃ¢n tÃ­ch kÄ© thuáº­t,â€¦
Viáº¿t code vÃ  Unit test theo mÃ´ hÃ¬nh phÃ¡t triá»ƒn DevOps CI/CD
TÃ­ch há»£p vá»›i cÃ¡c há»‡ thá»‘ng khÃ¡c theo cÃ¡c giao thá»©c: Kafka, ActiveMQ, ZeroMQ, Fix protocol, Restful, gRPC, Websocket,â€¦
Tá»‘i Æ°u performance cÃ¡c xá»­ lÃ½ giáº£i thuáº­t
XÃ¢y dá»±ng cÃ¡c phÃ¢n há»‡ nghiá»‡p vá»¥ trÃªn há»‡ thá»‘ng core chá»©ng khoÃ¡n, tÃ i chÃ­nh: cÆ¡ sá»Ÿ, phÃ¡i sinh, chá»©ng quyá»n, etf, trÃ¡i phiáº¿uâ€¦
PhÃ¡t triá»ƒn cÃ¡c sáº£n pháº©m vá» tÃ i chÃ­nh, chá»©ng khoÃ¡n, ngÃ¢n hÃ ng, fintech

","
Your skills and experience

Tá»‘t nghiá»‡p ká»¹ sÆ° CÃ´ng nghá»‡ thÃ´ng tin, toÃ¡n tin cÃ¡c trÆ°á»ng Ä‘áº¡i há»c, cao Ä‘áº³ng hoáº·c cÃ¡c trung tÃ¢m Ä‘Ã o táº¡o láº­p trÃ¬nh viÃªn
CÃ³ kinh nghiá»‡m láº­p trÃ¬nh Java, SQL Ã­t nháº¥t 2 nÄƒm
Æ¯u tiÃªn cÃ³ tá»‘ cháº¥t vá» tÆ° duy thuáº­t toÃ¡n vÃ  Ä‘am mÃª xá»­ lÃ½ cÃ¡c váº¥n Ä‘á» thuáº­t toÃ¡n, dá»¯ liá»‡u lá»›n
CÃ³ kinh nghiá»‡m vá» láº­p trÃ¬nh xá»­ lÃ½ song song, tá»‘i Æ°u performance
Ká»¹ nÄƒng láº­p trÃ¬nh trÃªn cÃ¡c ná»n táº£ng Core Java, Servlet/JSP, JDBC, Webservice RESTful / gRPC, Hibernate, Spring, Spring MVC, Spring Boot, Microservices, Oracle, MSSQL
Biáº¿t sá»­ dá»¥ng cÃ´ng cá»¥ java testing Framework: JUnit, Jmeter
CÃ³ kinh nghiá»‡m láº­p trÃ¬nh vá»›i Redis, NodeJS/MQTT/Netty, Flink, Apache Spark, NoSQL MongoDB lÃ  má»™t lá»£i tháº¿
Ká»¹ nÄƒng refector code, lÃ m viá»‡c nhÃ³m, review code, tÃ­ch há»£p
Ká»¹ nÄƒng phÃ¢n tÃ­ch vÃ  xá»­ lÃ½ lá»—i

",2024-08-23 14:36:25
https://itviec.com/it-jobs/senior-fullstack-developer-totallyawesome-3701,Senior Fullstack Developer,TotallyAwesome,"Viettel Building - 285 CÃ¡ch Máº¡ng ThÃ¡ng TÃ¡m, District 10, Ho Chi Minh",Hybrid,"
Job description
Overview:Â  As a Fullstack Javscript/Python engineer, you'll be part of a cross-function team that's responsible for the full software development life cycle, from conception to deployment.Â As a Full Stack Engineer, you should be comfortable around both front-end and back-end coding languages, development frameworks, and third-party libraries.Â Â Â How will YOU contribute to the Team?Â 
Collaborate with the engineering and product team to design and launch new featuresÂ 
Contribute to the entire app lifecycleÂ 
Develop and manage well-functioning applications and databasesÂ 
Write effective APIsÂ 
Writing clean, functional code on the front-end and back-endÂ 
Write well-tested software to ensure quality, responsiveness, and efficiencyÂ 
Write technical documentationÂ 
Troubleshooting issues and problem-solving as necessaryÂ 

","
Your skills and experience
Do YOU have what it takes to succeed?Â 
Proven experience as a Full Stack Engineer or similar roleÂ 
Experience developing web applications and frameworksÂ 
Familiarity with common stacksÂ 
Knowledge of multiple front-end languages and libraries (e.g. HTML/ CSS, JavaScript)Â 
Knowledge of multiple back-end languages (e.g. Python, Go, NodeJS)Â 
Knowledge of multiple frameworks (e.g. React, Flask, FastAPI, Django)Â 
Familiarity with databases (e.g. MySQL, MongoDB)Â 
Familiarity with development tools (e.g. Git, Docker)Â 
Ability to adapt to new problems and learn quicklyÂ 
Ability to apply and deploy the best DevOps practices into software projectsÂ 
Excellent communication and teamwork skillsÂ 
Great attention to detailÂ 
Organizational skillsÂ 
Nice to haveÂ 
Experience with unit and system testingÂ 
Familiarity with integrating third-party APIsÂ 
Experience with Auth0 and/or JWT-based authenticationÂ 
Have worked in a micro-services infrastructureÂ 
Experience developing and operating SaaS products and servicesÂ 
Familiarity with AWS or GCP servicesÂ 

",2024-08-23 14:36:33
https://itviec.com/it-jobs/senior-iam-security-engineer-techcombank-4845,Senior IAM Security Engineer,Techcombank,"Sá»‘ 6 Quang Trung, phÆ°á»ng Tráº§n HÆ°ng Äáº¡o, Hoan Kiem, Ha Noi",At office,"
Job description

Phá»‘i há»£p xÃ¢y dá»±ng/cáº­p nháº­t cÃ¡c Quy Ä‘á»‹nh/Quy trÃ¬nh liÃªn quan tá»›i hoáº¡t Ä‘á»™ng quáº£n lÃ½, phÃ¢n quyá»n truy cáº­p trÃªn cÃ¡c há»‡ thá»‘ng thÃ´ng tin cá»§a ngÃ¢n hÃ ng.
Phá»‘i há»£p xÃ¢y dá»±ng/cáº­p nháº­t Ma tráº­n phÃ¢n quyá»n cá»§a cÃ¡c há»‡ thá»‘ng thÃ´ng tin.
Tham gia xÃ¢y dá»±ng, duy trÃ¬, tá»‘i Æ°u chÃ­nh sÃ¡ch/táº­p luáº­t/cáº¥u hÃ¬nh ANTT cho cÃ¡c giáº£i phÃ¡p Ä‘áº£m báº£o ANTT vá» quáº£n lÃ½ Ä‘á»‹nh danh truy cáº­p, quáº£n lÃ½ khÃ³a/bÃ­ máº­t (PAM, Vault/Secret/Key managementâ€¦).

Tham gia tháº©m Ä‘á»‹nh, Ä‘Ã¡nh gia nhá»¯ng yÃªu cáº§u ngoáº¡i lá»‡ liÃªn quan tá»›i hoáº¡t Ä‘á»™ng quáº£n lÃ½ phÃ¢n quyá»n truy cáº­p trÃªn cÃ¡c há»‡ thá»‘ng thÃ´ng tin trong ngÃ¢n hÃ ng.

Tham gia tÆ° váº¥n cho cÃ¡c Ä‘Æ¡n vá»‹ nghiá»‡p vá»¥ vá» cÃ¡c biá»‡n phÃ¡p kiá»ƒm soÃ¡t quáº£n lÃ½ phÃ¢n quyá»n truy cáº­p cho cÃ¡c há»‡ thá»‘ng thÃ´ng tin trong ngÃ¢n hÃ ng.
Tá»• chá»©c chá»±c hiá»‡n tháº©m Ä‘á»‹nh, rÃ  soÃ¡t, Ä‘Ã¡nh giÃ¡:
CÃ´ng tÃ¡c quáº£n lÃ½, thá»±c thi phÃ¢n quyá»n trÃªn cÃ¡c há»‡ thá»‘ng thÃ´ng tin Ä‘áº£m báº£o tuÃ¢n thá»§ theo Ma tráº­n phÃ¢n quyá»n vÃ  Quy Ä‘á»‹nh/quy trÃ¬nh liÃªn quan.
CÃ´ng tÃ¡c cáº¥p phÃ¡t, thu há»“i máº­t kháº©u tÃ i khoáº£n Ä‘áº·c quyá»n trÃªn cÃ¡c há»‡ thá»‘ng thÃ´ng tin.
CÃ´ng tÃ¡c quáº£n lÃ½ yÃªu cáº§u ngoáº¡i lá»‡ liÃªn quan Ä‘áº¿n Ä‘á»‹nh danh, quyá»n truy cáº­p trÃªn cÃ¡c há»‡ thá»‘ng thÃ´ng tin.
CÃ¡c yÃªu cáº§u thay Ä‘á»•i trÃªn cÃ¡c giáº£i phÃ¡p Ä‘áº£m báº£o ANTT vá» quáº£n lÃ½ Ä‘á»‹nh danh vÃ  truy cáº­p.
Quáº£n trá»‹ rá»§i ro vÃ  tuÃ¢n thá»§
ÄÃ¡nh giÃ¡, nháº­n diá»‡n rá»§i ro cá»§a bá»™ pháº­n trong quÃ¡ trÃ¬nh hoáº¡t Ä‘á»™ng, Ä‘áº£m báº£o tuÃ¢n thá»§ Ä‘Ãºng cÃ¡c quy trÃ¬nh, quy Ä‘á»‹nh cá»§a ngÃ¢n hÃ ng. Phá»‘i há»£p vá»›i cÃ¡c Ä‘Æ¡n vá»‹ liÃªn quan xá»­ lÃ½ rá»§i ro.
Thá»±c hiá»‡n cÃ¡c hoáº¡t Ä‘á»™ng xá»­ lÃ½ rá»§i ro theo cÃ¡c bÃ¡o cÃ¡o cá»§a cÃ¡c bá»™ phÃ¢n kiá»ƒm toÃ¡n bÃªn trong/bÃªn ngoÃ i NgÃ¢n hÃ ng.

","
Your skills and experience

Tá»‘t nghiá»‡p Äáº¡i há»c, chuyÃªn ngÃ nh CÃ´ng nghá»‡ thÃ´ng tin/Äiá»‡n tá»­ viá»…n thÃ´ng.
Â Kinh nghiá»‡m tá»‘i thiá»ƒu 10 nÄƒm lÃ m viá»‡c táº¡i cÃ¡c ngÃ¢n hÃ ng/Ä‘á»‹nh cháº¿ tÃ i chÃ­nh.
Â Am hiá»ƒu vá» cÃ¡c há»‡ thá»‘ng thÃ´ng tin trong lÄ©nh vá»±c tÃ i chÃ­nh, ngÃ¢n hÃ ng, vá» an ninh thÃ´ng tin bao gá»“m quáº£n trá»‹ sá»± cá»‘ vá» an ninh thÃ´ng tin, ngÄƒn cháº·n tháº¥t thoÃ¡t thÃ´ng tin.
Â Am hiá»ƒm vá» cÃ¡c mÃ´ hÃ¬nh quáº£n lÃ½ phÃ¢n quyá»n truy cáº­p: MAC, DAC, Non DAC (RBAC, RuBAC, ABAC)â€¦vÃ  cÃ¡c nguyÃªn táº¯c nhÆ° Least privileged, Segregation of Dutiesâ€¦ CÃ³ kinh nghiá»‡m vá» quáº£n trá»‹ phÃ¢n quyá»n truy cáº­p cho cÃ¡c há»‡ thá»‘ng thÃ´ng tin trong lÄ©nh vá»±c tÃ i chÃ­nh, ngÃ¢n hÃ ng.
Â Am hiá»ƒu vÃ  cÃ³ kinh nghiá»‡m triá»ƒn khai, váº­n hÃ nh má»™t trong cÃ¡c giáº£i phÃ¡p quáº£n lÃ½ truy cáº­p Ä‘áº·c quyá»n (PAM), quáº£n lÃ½ bÃ­ máº­t (Secret management).
Â Am hiá»ƒu vÃ  cÃ³ kiáº¿n thá»©c chuyÃªn sÃ¢u vá» máº­t mÃ£, mÃ£ hÃ³a, xÃ¡c thá»±c, quáº£n lÃ½ khÃ³a máº­t mÃ£ â€¦ trong lÄ©nh vá»±c an toÃ n thÃ´ng tin.
Â CÃ³ kiáº¿n thá»©c cÆ¡ báº£n vá» cÃ¡c khÃ¡i niá»‡m liÃªn quan Ä‘áº¿n kiáº¿n trÃºc an ninh máº¡ng, dá»‹ch vá»¥ xÃ¡c thá»±c bao gá»“m cáº¥u trÃºc liÃªn káº¿t, giao thá»©c, cÃ¡c thÃ nh pháº§n vÃ  nguyÃªn táº¯c.
Â CÃ³ kiáº¿n thá»©c tá»•ng quan vá» cÆ¡ cháº¿ hoáº¡t Ä‘á»™ng, cung cáº¥p dá»‹ch vá»¥ vÃ  cÃ¡c giáº£i phÃ¡p báº£o máº­t cho dá»‹ch vá»¥ Ä‘iá»‡n toÃ¡n Ä‘Ã¡m mÃ¢y.
Â Hiá»ƒu biáº¿t phÃ¡p luáº­t liÃªn quan Ä‘áº¿n an toÃ n thÃ´ng tin trong lÄ©nh vá»±c tÃ i chÃ­nh, ngÃ¢n hÃ ng.
Â YÃªu cáº§u khÃ¡c:
Ká»¹ nÄƒng giao tiáº¿p tá»‘t;
Ká»¹ nÄƒng lÃ m viá»‡c nhÃ³m;
Ká»¹ nÄƒng xá»­ lÃ½ cÃ´ng viá»‡c Ä‘á»™c láº­p;
Trung thá»±c, cÃ³ Ä‘áº¡o Ä‘á»©c nghá» nghiá»‡p, cÃ³ tinh tháº§n trÃ¡ch nhiá»‡m vÃ  ká»· luáº­t cao.

",2024-08-23 13:36:42
https://itviec.com/it-jobs/react-native-mobile-apps-android-ios-up-to-2000-offspring-digital-viet-nam-4023,Ruby on Rails Dev - Up to $2000,Offspring Digital Viet Nam,"249 Thuy Khue, Tay Ho, Ha Noi",At office,"
Job description
ÄÃ´i nÃ©t vá» OffspringOffspring Digital lÃ  cÃ´ng ty cÃ´ng nghá»‡ cá»§a Ãšc, Ä‘Ã£ hoáº¡t Ä‘á»™ng á»Ÿ HÃ  Ná»™i, Viá»‡t Nam gáº§n 10 nÄƒm. Hiá»‡n cÃ´ng ty cÃ³ hai Ä‘á»‘i tÆ°á»£ng khÃ¡ch hÃ ng chÃ­nh: Ãšc vÃ  Má»¹. Vá» máº·t sáº£n pháº©m, cÃ´ng ty hiá»‡n xÃ¢y dá»±ng vÃ  váº­n hÃ nh cÃ¡c ná»n táº£ng social network, thÆ°Æ¡ng máº¡i Ä‘iá»‡n tá»­, á»©ng dá»¥ng liÃªn quan Ä‘áº¿n sá»©c khá»e trÃªn cáº£ mÃ´i trÆ°á»ng web vÃ  mobile.Vá»›i Offspring, chÃºng tÃ´i tin ráº±ng viá»‡c lá»±a chá»n ngÆ°á»i cÃ³ nÄƒng lá»±c cao quan trá»ng hÆ¡n viá»‡c cÃ³ nhiá»u ngÆ°á»i kháº£ nÄƒng trung bÃ¬nh. ChÃºng tÃ´i cÅ©ng cho ráº±ng má»™t cÃ´ng viá»‡c tá»‘t khÃ´ng chá»‰ liÃªn quan Ä‘áº¿n váº¥n Ä‘á» báº¡n nháº­n Ä‘Æ°á»£c bao nhiÃªu lÆ°Æ¡ng, mÃ  cÃ²n lÃ  mÃ´i trÆ°á»ng lÃ m viá»‡c, vÄƒn hÃ³a cÃ´ng ty, triá»ƒn vá»ng nghá» nghiá»‡p vÃ  Ä‘am mÃª. Offspring tin tÆ°á»Ÿng lÃ  mÃ´i trÆ°á»ng cÃ³ thá»ƒ Ä‘Ã¡p á»©ng Ä‘Æ°á»£c nhá»¯ng yÃªu cáº§u trÃªn vÃ  lÃ  nÆ¡i táº¡o ra nhiá»u cÆ¡ há»™i cho má»i ngÆ°á»i há»c há»i vÃ  Ä‘áº¡t Ä‘Æ°á»£c nhiá»u thÃ nh tá»±u trong sá»± nghiá»‡p cá»§a mÃ¬nh. BÃªn cáº¡nh Ä‘Ã³, Offspring luÃ´n tin tÆ°á»Ÿng vÃ o viá»‡c Ä‘Ã¡nh giÃ¡ nhÃ¢n viÃªn cá»§a mÃ¬nh dá»±a vÃ o giÃ¡ trá»‹ Ä‘Ã³ng gÃ³p cá»§a há», chá»© khÃ´ng dá»±a vÃ o nhá»¯ng má»‘i quan há»‡ mÃ  há» cÃ³.Náº¿u báº¡n cáº£m tháº¥y nhá»¯ng giÃ¡ trá»‹ cá»§a báº¡n phÃ¹ há»£p, xin chÃ o Ä‘Ã³n báº¡n vÃ o Offspring Digital!
","
Your skills and experience
YÃŠU Cáº¦U KINH NGHIá»†MVá» chuyÃªn mÃ´n:
CÃ³ Ã­t nháº¥t 1 nÄƒm kinh nghiá»‡m lÃ m viá»‡c vá»›i ná»n táº£ng Ruby on Rails (CÃ³ kháº£ nÄƒng viáº¿t code, Ä‘Æ°á»£c thiáº¿t káº¿ tá»‘t, Ä‘Ã£ Ä‘Æ°á»£c kiá»ƒm tra, trong Ruby on Rails)
CÃ³ kinh nghiá»‡m viáº¿t unit tests vÃ  api test vá»›i ruby on rails
CÃ³ kinh nghiá»‡m lÃ m viá»‡c vá»›i cÆ¡ sá»Ÿ dá»¯ liá»‡u quan há»‡ vÃ  SQL
CÃ³ kinh nghiá»‡m lÃ m viá»‡c vá»›i AWS
CÃ³ kinh nghiá»‡m lÃ m viá»‡c vá»›i thiáº¿t káº¿, phÃ¡t triá»ƒn, vÃ  quáº£n lÃ½ RESTful APIs
CÃ³ kiáº¿n thá»©c vá»›i cÃ´ng nghá»‡ phÃ¡t triá»ƒn web vá»›i ná»n táº£ng Javascript, HTML5/CSS3,â€¦
CÃ¡c ká»¹ nÄƒng khÃ¡c â€“ Nice to have
Kiáº¿n thá»©c vá» Solutions Architecture
CÃ³ kiáº¿n thá»©c vá» Functional Programming
Kiáº¿n thá»©c vá» Linux Serve/ Shell Command
Kiáº¿n thá»©c vá» Agile, Scrum, Kanban
Kiáº¿n thá»©c vá» Unit Testing vÃ  End-To-End Testing
CÃ³ kinh nghiá»‡m vá»›i AWSÂ 
CÃ³ hiá»ƒu biáº¿t vá» UX Principles
CÃ³ tháº©m má»¹ tá»‘t cho cÃ¡c chi tiáº¿t thiáº¿t káº¿

",2024-08-23 12:36:51
https://itviec.com/it-jobs/senior-net-engineer-windows-application-koidra-tech-2552,Senior .NET Engineer (Windows  Application),Koidra Tech,"8-10 Táº¡ Hiá»‡n, P. Tháº¡nh Má»¹ Lá»£i, TP. Thá»§ Äá»©c, TP. HCM, Thu Duc City, Ho Chi Minh",At office,"
Job description
About KoidraKoidra is at the forefront of climate tech innovation, offering intelligent automation solutions that enable high-tech greenhouses, biomass energy facilities, and food processing plants to excel in both sustainability and production efficiency. We are Â dedicated to helping these industries reduce their environmental impact while maximizing operational effectiveness.Â By integrating advanced machine learning, IoT technologies, and principles from Math and Physics, our systems extend the precision and efficiency of operations beyond what's possible through human efforts alone. Koidra's smart automation empowers facilities to broaden their control, minimize reliance on manual expertise, and embrace a scalable approach to environmental responsibility in industrial automation.Discover more about Koidra and our game-changing technology on our page.Key responsibilitiesWe are seeking a talented and experienced Â .NET Engineer to join our team and lead the IoT Hub application on Windows help us build the worldÊ¼s best Industrial IoT and Controls platform.ğŸ‘‰Implement and improve features for our IoT Hub product to meet customer requirements and business objectivesğŸ‘‰Write clean, maintainable, and efficient code in C# and other cutting edge technologies of .NETğŸ‘‰Collaborate with cross-functional teams to ensure project meets compliance standards and customer needsğŸ‘‰Troubleshoot and resolve technical issues as neededğŸ‘‰Document code and contribute to technical documentation for the productğŸ‘‰Stay up-to-date with the latest technology developments and industry trends in IoT and control systems
","
Your skills and experience
QualificationsğŸ”—Strong background in Computer Science, Computer Engineering, or a related fieldğŸ”—3+ years of professional experience in using C# for developing Windows applicationğŸ”—Knowledge of WPF or WinFormsğŸ”—Familiar with popular .NET test frameworks (NUnit, MSTest)ğŸ”—Strong programming, debugging, and analytical skills with the ability to write clean, maintainable, and efficient codeğŸ”—Understanding PLC/SCADA, industrial control, ... is a plusğŸ”—Excellent verbal and written communication skillsğŸ”You see yourself in our KoidraÊ¼s CultureÂ 
",2024-08-23 12:37:00
https://itviec.com/it-jobs/technical-product-manager-hybrid-ho-chi-minh-danang-nimble-3623,"Technical Product Manager (Hybrid-Ho Chi Minh, Danang)",Nimble,"The Sentry Connect, Sonatus Building, 2/F 15 Le Thanh Ton, Ben Nghe Ward, District 1, Ho Chi Minh",Hybrid,"
Job description
About NimbleWe solve our client's most difficult business challenges through technology. Our company partners with the most ambitious companies around the world creating long-term impact with the work with do. If you want to grow together, work on challenging products and enjoy using the best tools and practices, Nimble is the right place for you!Our Core Values

Ownership mentality:Treat our company and our clientsâ€™ business as ours taking care of the collective interests. This, in the end, translates to personal interests achievement through our company

Dependable & Resilient:We go to great lengths for our clients, they can rely on us to deliver and all our team members are reliable and trustworthy and we donâ€™t give up when we face challenges.

Obsession for Excellence:Our delivery quality has no parallel.

Courage:We must have the courage to speak up, raise our concerns in a timely manner and be able to confront the status quo with ideas by being constructive and without holding on to hard feelings.Â 
What You Will Do
Ensure the top quality of our web and mobile applications to exceed our clients' expectations.
Manage effectively a product lifecycle from specification through delivery and maintenance.
Align the product vision with the clients' team and stakeholders.
Communicate continuously with our clients.
Prepare product specifications, define and plan user stories for the developers, design test cases, and test features.
Collaborate with the management team to define the internal processes and initiatives to help the company accomplish its mission.
Â 
","
Your skills and experience

At least 3 years of experience as a Product Owner/Product Manager.

Software development (programming) experience is required (on or off the job).
Fluent English communication is a must.
A degree in Computer Science or related fields is preferred.
Passion and experience in web and mobile applications, startups and cutting edge technology.
Not being afraid to roll up your sleeves to get things done.
Understanding of agile development.
High attention to detail.
Ability to organize your own work and create work for others.
Looking for a leadership role, hence soft skills such as negotiation and evaluating/proposing creative alternatives are required.
Very articulate, opinionated, decisive and is at ease to interact with clients.
Currently based in Ho Chi Minh City or Da Nang (or open to relocate).
Â 
",2024-08-23 12:37:08
https://itviec.com/it-jobs/sr-lead-automation-test-engineer-playwright-agile-nfq-asia-3810,"Sr/Lead Automation Test Engineer (Playwright, Agile)",NFQ Asia,"23rd Fl. G8 Golden building, 65 Hai Phong Street, Hai Chau, Da Nang",Hybrid,"
Job description
At NFQ, we're at the forefront of innovation, developing cutting-edge apps, CRMs, ERPs, and cross-platform solutions that transform industries. We develop these solutions not only for ourselves but also for our clients, which include a range of prominent companies such as HomeToGo, Kayak, Alaiko, and Home24. We specialize in e-commerce, mobility, and transport & logistics, and we're always eager to tackle new challenges. Whatever the area â€“ from Mobile to UX â€“ we've got a team that knows it inside out.Â Become part of a diverse and talented team of over 800 professionals worldwide across Germany, Poland, Lithuania, Vietnam, Thailand, Singapore, and Egypt, where your voice truly matters. Make your own way with us!Â Join us in leveraging Playwright, a powerful testing framework that enhances automation efficiency and supports modern testing environments.Â As a pivotal tester in our global testing team, youâ€™ll drive innovation and excellence in our software quality and testing practices. As a key member of our global testing team, you will:
Implement and maintain automated tests using Playwright.
Facilitate testing practices and methodologies in the Vietnam teams.
Provide guidance and training to team members on best practices in automated testing.
Drive software quality improvements by transitioning from manual to automated testing.
Assist with bug triage and advocate for engineering-related topics.
Contribute to enhancing our release process, moving towards continuous delivery.
Collaborate closely with global Test Engineers to align testing strategies.
Actively participate in improving testing frameworks and tools.
Promote a 'shift left' testing culture, encouraging early issue detection and resolution within the software development lifecycle.
Work collaboratively with our German clientâ€™s team, enhancing your international experience and industry insights.

","
Your skills and experience

At least 5 years of experience in software testing, with a minimum of 3 years in automated testing.
Proficiency in Playwright or similar automated testing frameworks (Selenium, Cypressâ€¦)
Strong understanding of software testing methodologies and best practices.
Experience with eCommerce platforms or similar complex software systems.
Experience with web services/API testing and familiarity with Agile development practices in a distributed environment.
Knowledge of Agile development practices, particularly in a distributed team environment.
Proactive mindset and a focus on driving quality and testing ownership across the organization.
Excellent communication skills to collaborate effectively with local and international teams.

Good command of English, both verbal and written.

",2024-08-23 11:37:17
